{
    "sigma": {
        "R(s)": {
            "0.18": 1.033709022683316,
            "0.2": 1.0497746676396094,
            "0.22": 1.012625178039071,
            "0.24": 0.9806144874243781,
            "0.25": 0.9321107801258199,
            "0.26": 0.9374747913186527,
            "0.265": 0.8912555376254516,
            "0.27": 0.8447534530358916,
            "0.275": 0.7658395516207872,
            "0.28": 0.4563818672212405,
            "0.285": 0.3417732645434344,
            "0.29": 0.3135553514308842,
            "0.295": 0.34005798999620385,
            "0.3": 0.44389231663531614,
            "0.32": 0.5787384717792637
        },
        "M2(t)": {
            "0.18": 4.361656272684817,
            "0.2": 4.2316046472962405,
            "0.22": 4.117838724445281,
            "0.24": 4.00710102558781,
            "0.25": 3.7616071429329208,
            "0.26": 3.6595233992775675,
            "0.265": 3.662392787442191,
            "0.27": 3.510384557418626,
            "0.275": 3.428832560629202,
            "0.28": 2.986549067721786,
            "0.285": 2.5920053989840133,
            "0.29": 2.5441441865493406,
            "0.295": 2.792020066164868,
            "0.3": 3.4993237923905753,
            "0.32": 5.282115854194197
        },
        "Pc(s)": {
            "0.18": 0.4578997347711058,
            "0.2": 0.44336026268899986,
            "0.22": 0.4123467395787891,
            "0.24": 0.37234424126047144,
            "0.25": 0.33160530923789394,
            "0.26": 0.2829574732998668,
            "0.265": 0.23248536861621738,
            "0.27": 0.1700360397258638,
            "0.275": 0.08356440960241868,
            "0.28": 0.23586233384046315,
            "0.285": 0.3364436217125093,
            "0.29": 0.371109067276824,
            "0.295": 0.3951486074838375,
            "0.3": 0.4135838161928167,
            "0.32": 0.43832287752954824
        },
        "Hi-C": {
            "0.18": 0.9815303799225695,
            "0.2": 0.9219422702755271,
            "0.22": 0.89324760457369,
            "0.24": 0.8298438321338863,
            "0.25": 0.7863802511485048,
            "0.26": 0.656106805415995,
            "0.265": 0.6211402738154795,
            "0.27": 0.574286756610175,
            "0.275": 0.5672834689076691,
            "0.28": 0.5756441047643843,
            "0.285": 0.5945934954263116,
            "0.29": 0.6089342586241375,
            "0.295": 0.6244171007126491,
            "0.3": 0.6343108571046856,
            "0.32": 0.6540604922513135
        }
    },
    "d_fit": {
        "R(s)": {
            "0.18": -1.5085455411808708,
            "0.2": -1.5134418253800344,
            "0.22": -1.5223700892931293,
            "0.24": -1.5469106101109327,
            "0.25": -1.555561948429878,
            "0.26": -1.568914798371225,
            "0.265": -1.5721870993160976,
            "0.27": -1.5941663594257276,
            "0.275": -1.595644305646319,
            "0.28": -1.6194545784825178,
            "0.285": -1.6505013501371817,
            "0.29": -1.7021766289825127,
            "0.295": -1.7310767818224102,
            "0.3": -1.7373377623278201,
            "0.32": -1.7892899243146898
        },
        "M2(t)": {
            "0.18": [
                2.783482477261721,
                -3.1576804608034195
            ],
            "0.2": [
                2.772161024238065,
                -3.1703823563718267
            ],
            "0.22": [
                2.757697277541052,
                -3.194152688080737
            ],
            "0.24": [
                2.7416200931703965,
                -3.214686332042058
            ],
            "0.25": [
                2.7336569051303745,
                -3.228885625625341
            ],
            "0.26": [
                2.717468399105936,
                -3.2468342303461766
            ],
            "0.265": [
                2.7261850087311483,
                -3.25400466319392
            ],
            "0.27": [
                2.733529589951481,
                -3.258014028132298
            ],
            "0.275": [
                2.73376390403593,
                -3.2672815190801634
            ],
            "0.28": [
                2.8226030779448026,
                -3.2774613216349433
            ],
            "0.285": [
                2.892845597928705,
                -3.2976036654466956
            ],
            "0.29": [
                2.995544713466639,
                -3.302640912683393
            ],
            "0.295": [
                3.0559356751444136,
                -3.3256213941666606
            ],
            "0.3": [
                3.0358191420803413,
                -3.3589884512111086
            ],
            "0.32": [
                2.995306179733277,
                -3.476316184477948
            ]
        }
    }
}