{
    "sigma": {
        "R(s)": {
            "0.275__0.08": 0.7284821381709827,
            "0.275__0.16": 0.6489905513099405,
            "0.275__0.24": 0.6356404138313954,
            "0.275__0.32": 0.5919270304662554,
            "0.275__0.40": 0.5725248193131286,
            "0.280__0.08": 0.5491806983262864,
            "0.280__0.16": 0.527590214879079,
            "0.280__0.24": 0.5135844559913727,
            "0.280__0.32": 0.48491291492369015,
            "0.280__0.40": 0.5250682048677314,
            "0.285__0.08": 0.3454519680684187,
            "0.285__0.16": 0.3901108202830297,
            "0.285__0.24": 0.37514625257556866,
            "0.285__0.32": 0.34926500032018326,
            "0.285__0.40": 0.39758990433484986,
            "0.290__0.08": 0.2740130103153834,
            "0.290__0.16": 0.26409307246784486,
            "0.290__0.24": 0.2911146250541562,
            "0.290__0.32": 0.28288026740997996,
            "0.290__0.40": 0.28807639427856935,
            "0.295__0.08": 0.27744742618184537,
            "0.295__0.16": 0.27565375432672634,
            "0.295__0.24": 0.2230443325267728,
            "0.295__0.32": 0.24986850061279953,
            "0.295__0.40": 0.24534139724955706,
            "0.300__0.08": 0.3469610228351263,
            "0.300__0.16": 0.28921555408539856,
            "0.300__0.24": 0.24145290813476228,
            "0.300__0.32": 0.22073553314801997,
            "0.300__0.40": 0.23658362062914806
        },
        "M2(t)": {
            "0.275__0.08": 3.234122470474768,
            "0.275__0.16": 2.8558466629161905,
            "0.275__0.24": 2.672218454395868,
            "0.275__0.32": 2.6363289928791205,
            "0.275__0.40": 2.4847232886332287,
            "0.280__0.08": 2.9294370219374875,
            "0.280__0.16": 2.6665198360601803,
            "0.280__0.24": 2.457103346156027,
            "0.280__0.32": 2.3873676281476,
            "0.280__0.40": 2.49128864700325,
            "0.285__0.08": 2.613680742225748,
            "0.285__0.16": 2.365642489824523,
            "0.285__0.24": 2.3901770165702305,
            "0.285__0.32": 2.2956540874307683,
            "0.285__0.40": 2.3204444142194904,
            "0.290__0.08": 2.4232695573016323,
            "0.290__0.16": 2.2699317906912166,
            "0.290__0.24": 2.2373555632705155,
            "0.290__0.32": 2.2179613183040696,
            "0.290__0.40": 2.3323535075376403,
            "0.295__0.08": 2.5513126416554663,
            "0.295__0.16": 2.3571744068868092,
            "0.295__0.24": 2.2503758995241117,
            "0.295__0.32": 2.279720543024945,
            "0.295__0.40": 2.2824016604993007,
            "0.300__0.08": 2.916031528477444,
            "0.300__0.16": 2.614549173410308,
            "0.300__0.24": 2.43082662039135,
            "0.300__0.32": 2.249063975774878,
            "0.300__0.40": 2.3200566168888055
        },
        "Pc(s)": {
            "0.275__0.08": 0.06506014308217155,
            "0.275__0.16": 0.045193077634151146,
            "0.275__0.24": 0.0481685393114431,
            "0.275__0.32": 0.036259060286200004,
            "0.275__0.40": 0.055797400396529105,
            "0.280__0.08": 0.18340022331751415,
            "0.280__0.16": 0.13484168063798452,
            "0.280__0.24": 0.0992672044308471,
            "0.280__0.32": 0.06784023888079324,
            "0.280__0.40": 0.028079191405599214,
            "0.285__0.08": 0.30308496607537916,
            "0.285__0.16": 0.2559194084554491,
            "0.285__0.24": 0.22589093166818375,
            "0.285__0.32": 0.1869959038979886,
            "0.285__0.40": 0.13370412881551774,
            "0.290__0.08": 0.34856059174123755,
            "0.290__0.16": 0.3177354987019261,
            "0.290__0.24": 0.2879235063395043,
            "0.290__0.32": 0.2577804806008515,
            "0.290__0.40": 0.22903024521139914,
            "0.295__0.08": 0.3738269600325783,
            "0.295__0.16": 0.34881316432799747,
            "0.295__0.24": 0.31903783219238346,
            "0.295__0.32": 0.2926941032004123,
            "0.295__0.40": 0.27026897388925303,
            "0.300__0.08": 0.39241313985619297,
            "0.300__0.16": 0.3711021460949031,
            "0.300__0.24": 0.3472710983369087,
            "0.300__0.32": 0.32094314728812773,
            "0.300__0.40": 0.29627635678691316
        },
        "Hi-C": {
            "0.275__0.08": 0.620975419908159,
            "0.275__0.16": 0.5988429164051243,
            "0.275__0.24": 0.6534917553933046,
            "0.275__0.32": 0.6417174766245092,
            "0.275__0.40": 0.6774293912208755,
            "0.280__0.08": 0.5895790935438393,
            "0.280__0.16": 0.5991340031979653,
            "0.280__0.24": 0.5971694258565365,
            "0.280__0.32": 0.6175069838273923,
            "0.280__0.40": 0.6388187885176522,
            "0.285__0.08": 0.6080476798230168,
            "0.285__0.16": 0.6077529898892452,
            "0.285__0.24": 0.6016186806300452,
            "0.285__0.32": 0.609107638136763,
            "0.285__0.40": 0.6073728968676346,
            "0.290__0.08": 0.6227398050487456,
            "0.290__0.16": 0.6200053006844024,
            "0.290__0.24": 0.6131611089441498,
            "0.290__0.32": 0.6154457451169895,
            "0.290__0.40": 0.6181225223635701,
            "0.295__0.08": 0.6351459112541278,
            "0.295__0.16": 0.6318150498997691,
            "0.295__0.24": 0.6254479666135309,
            "0.295__0.32": 0.6234872608911955,
            "0.295__0.40": 0.6181630100953304,
            "0.300__0.08": 0.6491296714472061,
            "0.300__0.16": 0.6436564540894,
            "0.300__0.24": 0.635171314418107,
            "0.300__0.32": 0.6322692147280061,
            "0.300__0.40": 0.6277862717873033
        }
    },
    "d_fit": {
        "R(s)": {
            "0.275__0.08": -1.6243508268652311,
            "0.275__0.16": -1.6567704940755807,
            "0.275__0.24": -1.6860200057443022,
            "0.275__0.32": -1.6915726129257276,
            "0.275__0.40": -1.7146934350601355,
            "0.280__0.08": -1.6422315650855266,
            "0.280__0.16": -1.6665214924051057,
            "0.280__0.24": -1.6922003795999896,
            "0.280__0.32": -1.7048081317102721,
            "0.280__0.40": -1.7283854155387794,
            "0.285__0.08": -1.6694069698677259,
            "0.285__0.16": -1.6827931636654434,
            "0.285__0.24": -1.7068358816105382,
            "0.285__0.32": -1.727653495652224,
            "0.285__0.40": -1.738946414509995,
            "0.290__0.08": -1.6947052519230652,
            "0.290__0.16": -1.709346216860327,
            "0.290__0.24": -1.719997738506625,
            "0.290__0.32": -1.7344221773278983,
            "0.290__0.40": -1.7441791062439969,
            "0.295__0.08": -1.7305506920648144,
            "0.295__0.16": -1.736829833750769,
            "0.295__0.24": -1.7357928102626574,
            "0.295__0.32": -1.7446737372240515,
            "0.295__0.40": -1.7568071750220062,
            "0.300__0.08": -1.7495373063820137,
            "0.300__0.16": -1.7593078869795136,
            "0.300__0.24": -1.7656562077280828,
            "0.300__0.32": -1.7562309408767482,
            "0.300__0.40": -1.776101724967642
        },
        "M2(t)": {
            "0.275__0.08": [
                2.7609833421812597,
                -3.279887280020342
            ],
            "0.275__0.16": [
                2.7923449864221515,
                -3.29292513232279
            ],
            "0.275__0.24": [
                2.7900049725896903,
                -3.3145074410206465
            ],
            "0.275__0.32": [
                2.784456496763962,
                -3.3313191250751664
            ],
            "0.275__0.40": [
                2.775644276030767,
                -3.359737938626523
            ],
            "0.280__0.08": [
                2.815368642134458,
                -3.2930020301248395
            ],