{
    "sigma": {
        "R(s)": {
            "rouse": 0.848424291270583,
            "rouse_excvol": 1.0861834897872178
        },
        "M2(t)": {
            "rouse": 3.260512166484693,
            "rouse_excvol": 4.854824274876207
        },
        "Pc(s)": {
            "rouse": 0.11625938609577194,
            "rouse_excvol": 0.5058189977382596
        },
        "Hi-C": {
            "rouse": 0.010979421312557214,
            "rouse_excvol": -0.03034325475213174
        }
    },
    "d_fit": {
        "R(s)": {
            "rouse": -1.7484057550487109,
            "rouse_excvol": -1.4218408398081677
        },
        "M2(t)": {
            "rouse": [
                2.4131024596997337,
                -3.4971756306048976
            ],
            "rouse_excvol": [
                2.895877334955245,
                -3.0247175135062747
            ]
        }
    }
}
