{
    "sigma": {
        "R(s)": {
            "0.08": 0.9875362576104212,
            "0.16": 0.8867891882157126,
            "0.24": 0.8503093704804685,
            "0.32": 0.785120457911082,
            "0.4": 0.7608757271898727,
            "0.48": 0.7173391306775723,
            "0.56": 0.7107549488232778,
            "0.64": 0.7106498588331049,
            "0.72": 0.693253365206157,
            "0.8": 0.6921926386017334
        },
        "M2(t)": {
            "0.08": 4.366172749834792,
            "0.16": 3.9150641168143405,
            "0.24": 3.4648341645399863,
            "0.32": 3.0173372780873535,
            "0.4": 2.7320289188308857,
            "0.48": 2.5142571740626436,
            "0.56": 2.7091646485515204,
            "0.64": 2.7320610745779708,
            "0.72": 2.8051950777404966,
            "0.8": 3.1046197373626194
        },
        "Pc(s)": {
            "0.08": 0.3670063587081833,
            "0.16": 0.2942588984812751,
            "0.24": 0.2624649016621242,
            "0.32": 0.242365199616061,
            "0.4": 0.23045192659002206,
            "0.48": 0.21948732334766097,
            "0.56": 0.21219121957638665,
            "0.64": 0.20523603960299075,
            "0.72": 0.20017849618414763,
            "0.8": 0.19634616681622352
        },
        "Hi-C": {
            "0.08": 0.97279045405332,
            "0.16": 0.9365163129599086,
            "0.24": 0.9352827050836087,
            "0.32": 0.9097281361313818,
            "0.4": 0.930764091549389,
            "0.48": 0.9538810786959511,
            "0.56": 0.9521588420760633,
            "0.64": 0.9204073793061013,
            "0.72": 0.9703192708703794,
            "0.8": 0.9600599517516016
        }
    },
    "d_fit": {
        "R(s)": {
            "0.08": -1.4724353599548072,
            "0.16": -1.5015913146732585,
            "0.24": -1.5253876803943134,
            "0.32": -1.5496834658565568,
            "0.4": -1.5739014254676298,
            "0.48": -1.594253793200877,
            "0.56": -1.6097883789343497,
            "0.64": -1.6169420615513057,
            "0.72": -1.6343446204771896,
            "0.8": -1.6543194916912816
        },
        "M2(t)": {
            "0.08": [
                2.93448228162118,
                -3.043486294712324
            ],
            "0.16": [
                2.9569393380914897,
                -3.043968071728144
            ],
            "0.24": [
                3.008725656625458,
                -3.03842469620001
            ],
            "0.32": [
                3.0035095898352266,
                -3.0665153552801887
            ],
            "0.4": [
                3.0148044362018744,
                -3.0905903342570724
            ],
            "0.48": [
                3.010502087021522,
                -3.1070522212712346
            ],
            "0.56": [
                2.9901711941666202,
                -3.13310544431665
            ],
            "0.64": [
                2.9813437542925256,
                -3.149026039741597
            ],
            "0.72": [
                2.917717265754848,
                -3.1909477091770353
            ],
            "0.8": [
                2.8978473952544426,
                -3.2205056178299563
            ]
        }
    }
}